ticker,fiscal_date,marketCap,earningsYield,returnOnEquity,priceToBookRatio,netProfitMargin,grossProfitMargin,bookValuePerShare,dividendYield,source,sector,fiscalYear,returnOnInvestedCapital,freeCashFlowYield,available_date,fiscal_year
CHTR,2022-12-31,51764089654.41019,0.09765457161032727,0.5543370983660489,5.676509447791445,0.09357298878234793,0.5462774425234164,59.737415963510635,,yfinance,Communication Services,,,,2023-03-31,2022
CHTR,2023-12-31,56446230340.45698,0.08073169762647266,0.4110589933249143,5.091667900095344,0.08345083963594412,0.5476770377424139,76.33647761443811,,yfinance,Communication Services,,,,2024-03-30,2023
CHTR,2024-12-31,48654975223.31998,0.10447030291701301,0.32610508757297746,3.121509926433565,0.09227557411273486,0.5579740401198149,109.80903379836394,,yfinance,Communication Services,,,,2025-03-31,2024
CHTR,2025-12-31,26434336062.5,0.18865614737623787,0.3106390930609194,1.6465887668182384,0.09104684704421806,0.5653777339613685,126.77725258831626,,yfinance,Communication Services,,,,2026-03-31,2025
CMCSA,2022-12-31,121159044335.48073,0.04432190786459865,0.06634298209851378,1.4968440054789263,0.04422410172366936,0.6853006333023133,19.180263040292676,,yfinance,Communication Services,,,,2023-03-31,2022
CMCSA,2023-12-31,147444072704.524,0.10436499560641785,0.1860633834322818,1.7828140781413493,0.126575198236436,0.6976112920738328,20.786112272975775,,yfinance,Communication Services,,,,2024-03-30,2023
CMCSA,2024-12-31,123745696589.28082,0.1308489947229615,0.18924731182795698,1.4463031391921555,0.1308645367773638,0.7007540551680662,22.588629529344686,,yfinance,Communication Services,,,,2025-03-31,2024
CMCSA,2025-12-31,97322244673.16275,0.20548231359808103,0.20637131977338163,1.0043264364690747,0.16165617143734792,0.7174695045551182,26.886038652125283,,yfinance,Communication Services,,,,2026-03-31,2025
DIS,2021-10-02,319634160000.0,0.006241510607001455,0.022528881009113187,3.609523788013958,0.029591503752706992,0.3305793704945267,56.290748898678416,0.0,fmp,Communication Services,2021,0.02023320562583534,0.006222739146529269,2021-12-31,2021
DIS,2022-10-01,171869260000.0,0.01829879293132466,0.0331024755810037,1.8089977686089591,0.03801890669954788,0.3423635792171369,59.48298572996707,0.0,fmp,Communication Services,2022,0.025529287556003696,0.0062082073315495746,2022-12-30,2022
DIS,2023-09-30,148159400000.0,0.015888293284125072,0.02371143366540085,1.4923839358562405,0.02647978582195325,0.33405700915656145,61.822757111597376,0.0,fmp,Communication Services,2023,0.03560004287157558,0.03305223968239612,2023-12-29,2023
DIS,2024-09-28,175218250000.0,0.028376039596332,0.04937634066894415,1.7400716016524986,0.054421470868313615,0.3575157890128173,57.82027397260274,0.0077959915705127746,fmp,Communication Services,2024,0.05369331247666988,0.04884765142900354,2024-12-27,2024
DIS,2025-09-27,204699880000.0,0.060596029660593846,0.11289808772265152,1.8631268146610962,0.1313635160180037,0.3776436325125761,63.532150776053214,0.008808016887943462,fmp,Communication Services,2025,0.0810742692355034,0.049228167598339576,2025-12-26,2025
EA,2023-03-31,32350202156.0669,0.024791189746849678,0.10996846290963938,4.43578803730521,0.10799892270401293,0.7586856988957716,26.714285714285715,,yfinance,Communication Services,,,,2023-06-29,2023
EA,2024-03-31,34970157258.983826,0.036402467125679475,0.16943963796086783,4.654619627177403,0.16834170854271358,0.7738693467336684,28.204205006331605,,yfinance,Communication Services,,,,2024-06-29,2024
EA,2025-03-31,36274566323.776245,0.03090319509251412,0.17554024428437207,5.680326702752309,0.15020769127696637,0.7932466836392872,25.309632800269505,,yfinance,Communication Services,,,,2025-06-29,2025
EA,2026-03-31,51063960623.47413,0.017370372160130595,0.13113542282672974,7.549373244156436,0.11777984331430089,0.789669366617979,26.979378564875752,,yfinance,Communication Services,,,,2026-06-29,2026
FOXA,2022-06-30,16807138231.475916,0.07169572733942958,0.10627039421465738,1.4822416642980787,0.08623157292113925,,20.59316932510002,,yfinance,Communication Services,,,,2022-09-28,2022
FOXA,2023-06-30,16318565899.220238,0.07592578953639571,0.11938716515706302,1.5724191461958217,0.08308187487427077,,20.8192743967707,,yfinance,Communication Services,,,,2023-09-28,2023
FOXA,2024-06-30,15527137851.494488,0.09666945797454414,0.14009706925518015,1.4492381791575966,0.10736766809728183,,23.225232449210036,,yfinance,Communication Services,,,,2024-09-28,2024
FOXA,2025-06-30,24776409516.874977,0.09133688230567436,0.18918241096806554,2.071259782383797,0.13883435582822085,,26.800441842094607,,yfinance,Communication Services,,,,2025-09-28,2025
GOOGL,2021-12-31,1934182050000.0,0.039310156973072934,0.30215590041131,7.686458759711486,0.2951167728237792,0.5693980290098084,18.844828877405828,0.0,fmp,Communication Services,2021,0.22185323742418103,0.03464616994041486,2022-03-31,2021
GOOGL,2022-12-31,1152548490000.0,0.052034253239965626,0.2341339246673746,4.499611507589481,0.2120380715326196,0.5537944250378312,19.608359488632015,0.0,fmp,Communication Services,2022,0.210850863346025,0.05206722365321046,2023-03-31,2022
GOOGL,2023-12-31,1764284700000.0,0.04182714955245035,0.26041096905557576,6.225883710507836,0.24006649446638517,0.566250479840205,22.43697545526524,0.0,fmp,Communication Services,2023,0.2244156300949283,0.03938990118771647,2024-03-30,2023
GOOGL,2024-12-31,2331986700000.0,0.04293249185340551,0.30797578472025694,7.173489621144074,0.28603671811164,0.5820043540617911,26.388830262196606,0.0031573936506584708,fmp,Communication Services,2024,0.2579896041307089,0.031202579328604232,2025-03-31,2024
GOOGL,2025-12-31,3792308000000.0,0.034852126989685435,0.3182786895115167,9.132260123053953,0.32799537426513103,0.5966503128078756,34.27410036315616,0.0026498375131977676,fmp,Communication Services,2025,0.2182335528841129,0.019319633320922246,2026-03-31,2025
LYV,2022-12-31,16128324573.987602,0.016520004838551237,-0.7248707045479896,-43.878359094449216,0.015972420298857627,0.25979120034980585,-1.5893939359412352,,yfinance,Communication Services,,,,2023-03-31,2022
LYV,2023-12-31,21837174671.20764,0.02550206280734039,-10.647031832520792,-417.49688693638547,0.02450432245576791,0.23917641384655508,-0.22419328479539788,,yfinance,Communication Services,,,,2024-03-30,2023
LYV,2024-12-31,30350103682.5,0.029531595983205913,5.172985576839833,175.1678297299481,0.03870709600798942,0.24938903614132635,0.7392909999492883,,yfinance,Communication Services,,,,2025-03-31,2024
LYV,2025-12-31,33547556055.0,0.014784146993804018,1.8301077093949603,123.78852227064245,0.019680330533939257,0.25546392133835705,1.151156806674274,,yfinance,Communication Services,,,,2026-03-31,2025
META,2021-12-31,946825250000.0001,0.04158106260896612,0.31526517669103693,7.581941319196983,0.3338449405998525,0.8079437627725157,44.361989342806396,0.0,fmp,Communication Services,2021,0.2666676325623049,0.04131279768890827,2022-03-31,2021
META,2022-12-31,323353580000.0,0.07174808455808654,0.18454734196145187,2.5721570561517106,0.19895548371051977,0.7834729737841848,46.78563453665798,0.0,fmp,Communication Services,2022,0.14556705936151187,0.058895281134663795,2023-03-31,2022
META,2023-12-31,911093040000.0,0.042913290172867526,0.25526219575890524,5.948324976496396,0.28982520644616094,0.8075714222176098,59.505827505827504,0.0,fmp,Communication Services,2023,0.19338992531074825,0.048125710629948394,2024-03-30,2023
META,2024-12-31,1483682340000.0,0.0420305602613023,0.34144231453648494,8.123667931470623,0.3790858414234564,0.8166515705071702,72.07458563535911,0.0034185215145177235,fmp,Communication Services,2024,0.25052272614676246,0.03644445885903043,2025-03-31,2024
META,2025-12-31,1664086890000.0,0.03633103557471088,0.2782966539773433,7.660025363302845,0.3008369574952977,0.8199944269179861,86.17334391114638,0.00319935216844356,fmp,Communication Services,2025,0.17950279862720422,0.027708288718024814,2026-03-31,2025
MTCH,2022-12-31,11139192924.710434,0.03249301834041166,-1.0057547759638763,-30.95295012076536,0.11350386331343375,0.6989619746095997,-1.2869898311513686,,yfinance,Communication Services,,,,2023-03-31,2022
MTCH,2023-12-31,9423278337.625732,0.06914143641480935,-33.330212809494576,-482.0584375703771,0.19365083233665348,0.7164473574708189,-0.07269874607307578,,yfinance,Communication Services,,,,2024-03-30,2023
MTCH,2024-12-31,7897394040.073496,0.0698047985452768,-8.659828146844909,-124.05777722040081,0.15844119040988133,0.7151001056799602,-0.25315716017103085,,yfinance,Communication Services,,,,2025-03-31,2024
MTCH,2025-12-31,7378631494.288448,0.0831381809045279,-2.4198671421358244,-29.106568315641756,0.1759137783153633,0.7280411746167481,-1.090196085379645,,yfinance,Communication Services,,,,2026-03-31,2025
NFLX,2021-12-31,266956572000.0,0.01916501984450115,0.3228057255460953,16.84348506629463,0.17227607499049427,0.4163656122646479,3.5764569958592367,0.0,fmp,Communication Services,2021,0.1462301818663893,-0.000494368799431542,2022-03-31,2021
NFLX,2022-12-31,131141440200.0,0.03425251387471037,0.21619277598771858,6.311734571614611,0.14207957792921522,0.39370705238403253,4.672249706542417,0.0,fmp,Communication Services,2022,0.11820645734161245,0.01234185012404645,2023-03-31,2022
NFLX,2023-12-31,215000919900.0,0.025153334239292252,0.262672808597771,10.442862409367878,0.16036362043723068,0.4153783955346952,4.662514748477594,0.0,fmp,Communication Services,2023,0.14907062520936917,0.03221264822132512,2024-03-30,2023
NFLX,2024-12-31,382830284700.0,0.022755856441260273,0.3520766023750739,15.471911737705401,0.22336962115246067,0.46056556650417324,5.760761922056998,0.0,fmp,Communication Services,2024,0.20197690032492605,0.01808066466168997,2025-03-31,2024
NFLX,2025-12-31,396531760960.0,0.02769311838581254,0.41258687422902035,14.898534303034385,0.24303813935832022,0.48486575802475956,6.293236508567417,0.0,fmp,Communication Services,2025,0.2521668961712825,0.02385950869886153,2026-03-31,2025
OMC,2022-12-31,14663737899.780273,0.08977929154201038,0.40481535008148584,4.509005842311206,0.09213316444002771,0.18763952943152473,16.043907252096695,,yfinance,Communication Services,,,,2023-03-31,2022
OMC,2023-12-31,15694166244.506836,0.0886571467590391,0.3847579017227553,4.339840788791538,0.09470331196144893,0.18441758211840295,18.264141414141413,,yfinance,Communication Services,,,,2024-03-30,2023
OMC,2024-12-31,15955945430.96386,0.09279299721887808,0.3530702277333969,3.804923198035975,0.09437125137834547,0.18639692525383866,21.350626857408436,,yfinance,Communication Services,,,,2025-03-31,2024
OMC,2025-12-31,24768261470.03174,-0.0022003966675635295,-0.004524398545551147,2.0561740581805887,-0.003155414285631575,0.08494143666880888,38.47269243053338,,yfinance,Communication Services,,,,2026-03-31,2025
T,2021-12-31,133109760000.0,0.1508604628240634,0.12072842267272683,0.8002654931101653,0.14981572389919276,0.5493292946776287,25.6494140625,0.11319981344718824,fmp,Communication Services,2021,0.04478979940070431,0.191045344834218,2022-03-31,2021
T,2022-12-31,131926060000.0,-0.06461195005747916,-0.08742564102564103,1.353087794871795,-0.07059739442277271,0.5788671619416769,14.85584705554005,0.07473125476497972,fmp,Communication Services,2022,-0.012947495885987518,0.09396930371452009,2023-03-31,2022
T,2023-12-31,120497180000.00002,0.11950487140030992,0.139403854903821,1.1665119025721948,0.11762015225275264,0.4372202437350933,16.629299540453975,0.06752025234117512,fmp,Communication Services,2023,0.053352919863715396,0.1698048037306765,2024-03-30,2023
T,2024-12-31,163921230000.0,0.06678817624782342,0.10489403288238225,1.570547943892998,0.08949123724823436,0.4294320559769814,16.700236143908878,0.05007283071265388,fmp,Communication Services,2024,0.05043095657444097,0.1129078887463204,2025-03-31,2024
T,2025-12-31,178077960000.0,0.12291807475781955,0.198031357151258,1.6110841106275955,0.1742089010569209,0.5955367375525277,17.923280792300183,0.045934937709304395,fmp,Communication Services,2025,0.0576622776493174,0.10917690207142984,2026-03-31,2025
TMUS,2022-12-31,165204031080.5494,0.01567758354962404,0.037182726541862866,2.371712861498642,0.032549546945495215,0.5449849819657916,56.4491519959854,,yfinance,Communication Services,,,,2023-03-31,2022
TMUS,2023-12-31,184144694784.0774,0.045165569443921624,0.12851734528316464,2.845471602937146,0.10587082155859365,0.6157234145472136,54.118249923992146,,yfinance,Communication Services,,,,2024-03-30,2023
TMUS,2024-12-31,246235475755.58832,0.04604941658063526,0.18365429779239079,3.9882003167358535,0.1392997542997543,0.6357125307125308,53.94207238246439,,yfinance,Communication Services,,,,2025-03-31,2024
TMUS,2025-12-31,222468605530.72156,0.04940921876944148,0.1856662669121497,3.7577252087009367,0.12447202436897711,0.6288713494660794,53.48392820424368,,yfinance,Communication Services,,,,2026-03-31,2025
VZ,2021-12-31,215530080000.0,0.10237550136853288,0.2697762562660472,2.6351642010025675,0.1651411165081242,0.457335738288939,20.057859209257472,0.048461913065684384,fmp,Communication Services,2021,0.07430228064342553,0.08932859858818779,2022-03-31,2021
VZ,2022-12-31,165558800000.0,0.12838943022056212,0.23321337663477573,1.8164530852277714,0.1553403734424672,0.4428910731903387,22.004521656354118,0.065263821675441,fmp,Communication Services,2022,0.06820985204314904,0.06282360104083866,2023-03-31,2022
VZ,2023-12-31,158754700000.0,0.07315688921335872,0.1256518446391864,1.717566807313643,0.0866884619403765,0.458768119187305,22.274756589883637,0.06944676283599792,fmp,Communication Services,2023,0.059627753987994005,0.11784218042048519,2024-03-30,2023
VZ,2024-12-31,168677820000.0,0.10378365098624111,0.17640597760915788,1.699747271682941,0.12987803068522422,0.4659094281390035,23.844238975817923,0.06668926596276854,fmp,Communication Services,2024,0.06889264675184026,0.11217835279113757,2025-03-31,2024
VZ,2025-12-31,172124980000.0,0.09977633693842695,0.16440742868083477,1.6477597166379476,0.12427726841834852,0.45644795970794044,25.02153336488405,0.0667015328048259,fmp,Communication Services,2025,0.062248616309032445,0.1169266657285886,2026-03-31,2025
WBD,2022-12-31,23036398887.634277,-0.31997188605536275,-0.15651343030045653,0.4891474442644501,-0.21796729455599254,0.39551113345358846,19.38065843621399,,yfinance,Communication Services,,,,2023-03-31,2022
WBD,2023-12-31,27755820279.1214,-0.11262502669940737,-0.06911953301198426,0.6137137991226594,-0.07565160572106193,0.4064519251712204,18.542845428454285,,yfinance,Communication Services,,,,2024-03-30,2023
WBD,2024-12-31,25938779251.098637,-0.43606524002169156,-0.33231483385727295,0.7620759541410417,-0.2876579944558887,0.4158337783881387,13.87000814995925,,yfinance,Communication Services,,,,2025-03-31,2024
WBD,2025-12-31,71473599243.16406,0.010171587938738546,0.020239984409365516,1.98985493034784,0.01949270699270699,0.44002037752037754,14.483467741935485,,yfinance,Communication Services,,,,2026-03-31,2025
